CREATE DATABASE IF NOT EXISTS `konyvek`
DEFAULT CHARACTER SET utf8
COLLATE utf8_hungarian_ci;

USE `konyvek`;


CREATE TABLE `arak` (
  `isbn` varchar(13) NOT NULL,
  `bolt` varchar(20) CHARACTER SET utf8 COLLATE utf8_hungarian_ci NOT NULL,
  `arak` int DEFAULT NULL
) ENGINE=InnoDB DEFAULT CHARSET=utf8mb3;

--
-- A tábla adatainak kiíratása `arak`
--

INSERT INTO `arak` (`isbn`, `bolt`, `arak`) VALUES
('9786155008672', 'Kék', 3055),
('9786155008672', 'Piros', 1590),
('9786155008672', 'Sárga', 4590),
('9786155008672', 'Zöld', 1599),
('9786155522482', 'Kék', 4590),
('9786155522482', 'Piros', 1999),
('9786155522482', 'Sárga', 590),
('9786155522482', 'Zöld', 4755),
('9786155522512', 'Kék', 4799),
('9786155522512', 'Piros', 3055),
('9786155522512', 'Sárga', 3190),
('9786155522512', 'Zöld', 2655),
('9786155522536', 'Kék', 3590),
('9786155522536', 'Piros', 2355),
('9786155522536', 'Sárga', 4190),
('9786155522536', 'Zöld', 1599),
('9786155522895', 'Kék', 1555),
('9786155522895', 'Piros', 3290),
('9786155522895', 'Sárga', 1990),
('9786155522895', 'Zöld', 4455),
('9789632451558', 'Kék', 955),
('9789632451558', 'Piros', 3955),
('9789632451558', 'Sárga', 1655),
('9789632451558', 'Zöld', 2299),
('9789632451770', 'Kék', 1455),
('9789632451770', 'Piros', 1099),
('9789632451770', 'Sárga', 4355),
('9789632451770', 'Zöld', 3555),
('9789632452760', 'Kék', 3855),
('9789632452760', 'Piros', 4955),
('9789632452760', 'Sárga', 4055),
('9789632452760', 'Zöld', 3190),
('9789633242711', 'Kék', 3290),
('9789633242711', 'Piros', 1590),
('9789633242711', 'Sárga', 2155),
('9789633242711', 'Zöld', 3690),
('9789633244548', 'Kék', 3290),
('9789633244548', 'Piros', 4099),
('9789633244548', 'Sárga', 2299),
('9789633244548', 'Zöld', 2499),
('9789633244562', 'Kék', 4655),
('9789633244562', 'Piros', 4055),
('9789633244562', 'Sárga', 799),
('9789633244562', 'Zöld', 1390),
('9789633244579', 'Kék', 699),
('9789633244579', 'Piros', 990),
('9789633244579', 'Sárga', 1355),
('9789633244579', 'Zöld', 4399),
('9789633244586', 'Kék', 1099),
('9789633244586', 'Piros', 3299),
('9789633244586', 'Sárga', 799),
('9789633244586', 'Zöld', 4499),
('9789633244593', 'Kék', 1355),
('9789633244593', 'Piros', 3699),
('9789633244593', 'Sárga', 2199),
('9789633244593', 'Zöld', 4899),
('9789633244609', 'Kék', 3955),
('9789633244609', 'Piros', 1790),
('9789633244609', 'Sárga', 799),
('9789633244609', 'Zöld', 890),
('9789633244616', 'Kék', 2990),
('9789633244616', 'Piros', 1190),
('9789633244616', 'Sárga', 2299),
('9789633244616', 'Zöld', 4899),
('9789633411872', 'Kék', 3355),
('9789633411872', 'Piros', 1999),
('9789633411872', 'Sárga', 3199),
('9789633411872', 'Zöld', 1899),
('9789633997604', 'Kék', 2390),
('9789633997604', 'Piros', 3999),
('9789633997604', 'Sárga', 1655),
('9789633997604', 'Zöld', 955),
('9789634190516', 'Kék', 1890),
('9789634190516', 'Piros', 1755),
('9789634190516', 'Sárga', 1090),
('9789634190516', 'Zöld', 1099),
('9789634194132', 'Kék', 4790),
('9789634194132', 'Piros', 3755),
('9789634194132', 'Sárga', 799),
('9789634194132', 'Zöld', 3099),
('9789634571117', 'Kék', 1190),
('9789634571117', 'Piros', 3690),
('9789634571117', 'Sárga', 1899),
('9789634571117', 'Zöld', 899),
('9789634572961', 'Kék', 2455),
('9789634572961', 'Piros', 3255),
('9789634572961', 'Sárga', 1190),
('9789634572961', 'Zöld', 2090),
('9789639637795', 'Kék', 1899),
('9789639637795', 'Piros', 2555),
('9789639637795', 'Sárga', 4655),
('9789639637795', 'Zöld', 3999),
('9789639708952', 'Kék', 4690),
('9789639708952', 'Piros', 2955),
('9789639708952', 'Sárga', 3799),
('9789639708952', 'Zöld', 4699);

-- --------------------------------------------------------

--
-- Tábla szerkezet ehhez a táblához `emberek`
--

CREATE TABLE `emberek` (
  `id` int NOT NULL,
  `nev` varchar(30) DEFAULT NULL,
  `nem` varchar(5) DEFAULT NULL,
  `kor` int DEFAULT NULL
) ENGINE=InnoDB DEFAULT CHARSET=utf8mb3;

--
-- A tábla adatainak kiíratása `emberek`
--

INSERT INTO `emberek` (`id`, `nev`, `nem`, `kor`) VALUES
(1, 'Ilka Lusgdin', 'férfi', 41),
(2, 'Austin Schettini', 'nő', 9),
(3, 'Hortense Filipowicz', 'nő', 47),
(4, 'Dell Oxtiby', 'férfi', 30),
(5, 'Paten Peak', 'férfi', 44),
(6, 'Mariann Bruyntjes', 'férfi', 78),
(7, 'Cahra Panter', 'nő', 71),
(8, 'Edward Sellack', 'férfi', 27),
(9, 'Matthias Spall', 'férfi', 37),
(10, 'Lorin Wanne', 'nő', 20),
(11, 'Dimitry Ixor', 'férfi', 52),
(12, 'Jacquenette Staneland', 'nő', 18),
(13, 'Carley Dutnall', 'nő', 51),
(14, 'Barny Loughton', 'nő', 9),
(15, 'Cary Merle', 'férfi', 33),
(16, 'Wildon Wilbor', 'férfi', 66),
(17, 'Christye Panner', 'nő', 42),
(18, 'Brittne Skeemor', 'nő', 77),
(19, 'Whit Thelwll', 'nő', 77),
(20, 'Farra Iddison', 'nő', 16),
(21, 'Vinni Dragge', 'nő', 26),
(22, 'Gerty Hoys', 'nő', 20),
(23, 'Conchita Copozio', 'férfi', 71),
(24, 'Stepha Bagby', 'férfi', 37),
(25, 'Hillery Gillbard', 'férfi', 40),
(26, 'Sib Catling', 'férfi', 80),
(27, 'Gav Siggee', 'férfi', 55),
(28, 'Johannah Cuskery', 'férfi', 54),
(29, 'Archambault Noddles', 'férfi', 49),
(30, 'Arte Espina', 'férfi', 57),
(31, 'Glen Cabell', 'férfi', 77),
(32, 'Dunc McWhannel', 'nő', 80),
(33, 'Marin Biscomb', 'nő', 47),
(34, 'Gilbert Keighley', 'nő', 47),
(35, 'Deerdre Myrtle', 'férfi', 10),
(36, 'Fulton Dobel', 'nő', 62),
(37, 'Marlin Ivancevic', 'nő', 42),
(38, 'Lemmy Stearley', 'nő', 62),
(39, 'Karilynn Betjeman', 'nő', 22),
(40, 'Rudolf Charrier', 'nő', 16),
(41, 'Rice Jewell', 'férfi', 72),
(42, 'Simonne Baulcombe', 'férfi', 27),
(43, 'Jeddy Hiddersley', 'férfi', 80),
(44, 'Bald Bolderstone', 'nő', 79),
(45, 'Lanna Arnald', 'férfi', 54),
(46, 'Jacintha Chieze', 'nő', 30),
(47, 'Heddi Brookz', 'nő', 28),
(48, 'Rogers Applin', 'nő', 42),
(49, 'Nestor McSperrin', 'nő', 55),
(50, 'Albert Siggins', 'nő', 50),
(51, 'Cherice Vautre', 'nő', 35),
(52, 'Gilbert Wills', 'nő', 45),
(53, 'Blondie Ickov', 'férfi', 59),
(54, 'Tarah Winnister', 'férfi', 79),
(55, 'Vail Stennes', 'nő', 15),
(56, 'Austen Lavin', 'férfi', 61),
(57, 'Alyce Bodker', 'férfi', 29),
(58, 'Hynda Eggleston', 'férfi', 58),
(59, 'Zorina Ibarra', 'férfi', 53),
(60, 'Gabriell Gateley', 'nő', 20),
(61, 'Adara Ribou', 'nő', 52),
(62, 'Gillie Hendrik', 'nő', 70),
(63, 'Claudie Bench', 'nő', 19),
(64, 'Fabe Lambarth', 'férfi', 34),
(65, 'Delaney McAless', 'nő', 45),
(66, 'Elle Gooddy', 'férfi', 58),
(67, 'Pincas Hunnybun', 'férfi', 61),
(68, 'Bo Stegel', 'férfi', 68),
(69, 'Michell Brittle', 'férfi', 32),
(70, 'Mack Dudden', 'férfi', 72),
(71, 'Ardenia Cund', 'nő', 12),
(72, 'Dee Kemson', 'férfi', 32),
(73, 'Morena Robke', 'nő', 41),
(74, 'Jyoti Madner', 'nő', 32),
(75, 'Avrom Brazer', 'nő', 77),
(76, 'Margalit Ginnally', 'férfi', 18),
(77, 'Daren Braid', 'nő', 19),
(78, 'Blake Feldmark', 'nő', 63),
(79, 'Dena Hallybone', 'férfi', 11),
(80, 'Bennie Simenon', 'férfi', 46),
(81, 'Munmro Pitblado', 'nő', 68),
(82, 'Dov Benediktsson', 'nő', 52),
(83, 'Johnath Sigsworth', 'nő', 60),
(84, 'Emmett Finder', 'férfi', 76),
(85, 'Aurelea Swinden', 'férfi', 16),
(86, 'Daile Bockler', 'nő', 73),
(87, 'Dione Binnes', 'nő', 71),
(88, 'Marianne Ossipenko', 'nő', 64),
(89, 'Gay Rayment', 'férfi', 59),
(90, 'Isador Pappi', 'nő', 54),
(91, 'Justina Batsford', 'nő', 43),
(92, 'Gerianna Richfield', 'nő', 24),
(93, 'Lani Edens', 'férfi', 63),
(94, 'Glenn MacVicar', 'férfi', 23),
(95, 'Jori Matchitt', 'nő', 9),
(96, 'Constancia McCheyne', 'nő', 69),
(97, 'Flynn Attwooll', 'férfi', 79),
(98, 'Emelen Dummer', 'nő', 21),
(99, 'Delano Carthew', 'férfi', 50),
(100, 'Janith Andren', 'férfi', 63),
(101, 'Cort Rousel', 'nő', 17),
(102, 'Udale Latch', 'nő', 9),
(103, 'Tildie Bartell', 'férfi', 63),
(104, 'Gabey Crowdy', 'nő', 54),
(105, 'Nessie Keach', 'férfi', 18),
(106, 'Karoly Capps', 'nő', 29),
(107, 'Dorella Laugheran', 'férfi', 12),
(108, 'Husein Youell', 'férfi', 59),
(109, 'Davidson Linzee', 'férfi', 52),
(110, 'Lolly McGrah', 'nő', 36),
(111, 'Delmor Allsobrook', 'nő', 62),
(112, 'Berkley Guilaem', 'nő', 73),
(113, 'Marie-ann Eilles', 'férfi', 69),
(114, 'Kaylee Nortcliffe', 'nő', 73),
(115, 'Shelton Hargrove', 'nő', 36),
(116, 'Erek Ciobotaru', 'nő', 18),
(117, 'Fulton Dewerson', 'nő', 36),
(118, 'Karoly Dixey', 'nő', 34),
(119, 'Tommie Sottell', 'férfi', 34),
(120, 'Vonni Leneve', 'férfi', 58),
(121, 'Sigfrid Shipway', 'nő', 14),
(122, 'Adrien Lamdin', 'férfi', 72),
(123, 'Warden Harkins', 'férfi', 56),
(124, 'Vic Zanioletti', 'nő', 66),
(125, 'Berny Masson', 'nő', 62),
(126, 'Padraig Matlock', 'nő', 65),
(127, 'Daniella Rohmer', 'férfi', 26),
(128, 'Mabel Heineking', 'nő', 27),
(129, 'Codi Baudain', 'nő', 63),
(130, 'Bryana Upstell', 'nő', 75),
(131, 'Kile Jowsey', 'férfi', 49),
(132, 'Renault Eddies', 'nő', 69),
(133, 'Fae Lorne', 'nő', 79),
(134, 'Arvie Hitscher', 'férfi', 66),
(135, 'Archibold Georgescu', 'nő', 46),
(136, 'Wilburt Argrave', 'nő', 33),
(137, 'Jamey Blanchard', 'férfi', 42),
(138, 'Harold Hymor', 'nő', 68),
(139, 'Myrtice Meert', 'nő', 27),
(140, 'Deva McKibben', 'férfi', 61),
(141, 'Cissy Damarell', 'férfi', 80),
(142, 'Jude Jeannaud', 'nő', 47),
(143, 'Corene Kingsnod', 'nő', 40),
(144, 'Che Sixsmith', 'nő', 31),
(145, 'Shannon O\'Looney', 'férfi', 49),
(146, 'Almira Ramble', 'nő', 23),
(147, 'Wallace Clardge', 'nő', 10),
(148, 'Margarete Imbrey', 'férfi', 9),
(149, 'Geralda Argue', 'férfi', 30),
(150, 'Lazaro Faircliffe', 'nő', 15),
(151, 'Pen Buard', 'férfi', 78),
(152, 'Amii Wevell', 'nő', 28),
(153, 'Findlay Roff', 'nő', 61),
(154, 'Nickie Lowy', 'férfi', 76),
(155, 'Nicole Hylden', 'nő', 13),
(156, 'Almeda Hugues', 'férfi', 52),
(157, 'Janis Bywaters', 'nő', 25),
(158, 'Barbe Bernardotte', 'férfi', 32),
(159, 'Natale Brixey', 'férfi', 34),
(160, 'Carla Whitefoot', 'férfi', 60),
(161, 'Martina Tippett', 'nő', 38),
(162, 'Glenn Shane', 'férfi', 48),
(163, 'Gavan Ferrarone', 'nő', 45),
(164, 'Ivett Seakin', 'férfi', 23),
(165, 'Joella Scopham', 'nő', 77),
(166, 'Kattie Biagi', 'nő', 58),
(167, 'Norry Satcher', 'férfi', 62),
(168, 'Nancey Aust', 'nő', 31),
(169, 'Ibby Slemming', 'férfi', 40),
(170, 'Corbet Notti', 'nő', 43),
(171, 'Janeta Brise', 'nő', 65),
(172, 'Benjamin Montrose', 'férfi', 64),
(173, 'Sal Sextone', 'férfi', 78),
(174, 'Lira McAughtry', 'nő', 22),
(175, 'Cheri Katt', 'férfi', 11),
(176, 'Kristyn Bernardos', 'férfi', 53),
(177, 'Erin Bolduc', 'férfi', 26),
(178, 'Pearce Paddick', 'nő', 61),
(179, 'Tymothy Viles', 'férfi', 35),
(180, 'Dorise Richardet', 'férfi', 52),
(181, 'Bale Pitone', 'férfi', 38),
(182, 'Antons Toffler', 'férfi', 54),
(183, 'Matelda Stovold', 'nő', 60),
(184, 'Claresta Harsum', 'nő', 45),
(185, 'Lorene Burness', 'férfi', 44),
(186, 'Diarmid Dehm', 'nő', 56),
(187, 'Iris Driffe', 'férfi', 69),
(188, 'Gloria Bernini', 'nő', 54),
(189, 'Alfie Peare', 'férfi', 31),
(190, 'Gabriellia Dast', 'férfi', 32),
(191, 'Jonas Niblock', 'férfi', 63),
(192, 'Cello Ollenbuttel', 'nő', 15),
(193, 'Brandais Spiby', 'férfi', 27),
(194, 'Guilbert Bemment', 'nő', 77),
(195, 'Koralle Cheeseman', 'férfi', 76),
(196, 'Yancey Ertel', 'nő', 26),
(197, 'Margit Gallier', 'férfi', 47),
(198, 'Karla Stanbridge', 'férfi', 50),
(199, 'Schuyler Alelsandrovich', 'nő', 61),
(200, 'Wilfrid Keward', 'nő', 63),
(201, 'Lane Nuzzi', 'férfi', 22),
(202, 'Merrill Scoyles', 'nő', 60),
(203, 'Merrill Amthor', 'nő', 17),
(204, 'Lilas McKinie', 'férfi', 39),
(205, 'Sampson Dinzey', 'nő', 56),
(206, 'Robb Leamy', 'férfi', 23),
(207, 'Pebrook Kellington', 'nő', 45),
(208, 'Fidelia Farrey', 'nő', 49),
(209, 'Layne Baser', 'nő', 38),
(210, 'Sig Elintune', 'férfi', 75),
(211, 'Hilly Bruniges', 'nő', 57),
(212, 'Nikoletta Bollen', 'nő', 44),
(213, 'Rae Davidy', 'nő', 45),
(214, 'Roderigo Frape', 'nő', 22),
(215, 'Dorie Brumen', 'férfi', 52),
(216, 'Elihu Demko', 'nő', 42),
(217, 'Delia Ebbitt', 'férfi', 25),
(218, 'Wilma Paddell', 'nő', 61),
(219, 'Jule Gershom', 'férfi', 11),
(220, 'Sileas Naulls', 'férfi', 62),
(221, 'Lissi Aronowitz', 'nő', 80),
(222, 'Kassie Balcock', 'férfi', 22),
(223, 'Shantee Lorraway', 'férfi', 14),
(224, 'Shadow Fonzone', 'férfi', 73),
(225, 'Rasla Katz', 'férfi', 68),
(226, 'Jayme Adamovicz', 'nő', 60),
(227, 'Rurik Shay', 'férfi', 69),
(228, 'Ivory Hatry', 'férfi', 21),
(229, 'Didi Dunster', 'nő', 25),
(230, 'Gay Philippson', 'férfi', 54),
(231, 'Dougy Nolan', 'nő', 66),
(232, 'Lorrayne Cote', 'nő', 76),
(233, 'Pauletta Roughey', 'nő', 54),
(234, 'Field Woodington', 'férfi', 56),
(235, 'Peyton Hurles', 'férfi', 31),
(236, 'Reggi Rizzi', 'nő', 48),
(237, 'Nicole Crayke', 'férfi', 33),
(238, 'Thorin Saiger', 'férfi', 18),
(239, 'Vi Joannidi', 'nő', 48),
(240, 'Teador MacShirie', 'férfi', 21),
(241, 'Meridith Sweeten', 'nő', 77),
(242, 'Gray Chadwell', 'férfi', 76),
(243, 'Rodina Goudard', 'férfi', 52),
(244, 'Redd Zimmer', 'nő', 23),
(245, 'Rayner Bassham', 'férfi', 35),
(246, 'Domenic Attryde', 'nő', 26),
(247, 'Ulrich Prettyman', 'nő', 40),
(248, 'Harriott Jeffries', 'férfi', 37),
(249, 'Darrelle Jancik', 'nő', 74),
(250, 'Egan Humble', 'nő', 46),
(251, 'Emmy Igonet', 'férfi', 11),
(252, 'Tamiko Ferandez', 'nő', 22),
(253, 'Ashien Arrighi', 'férfi', 21),
(254, 'Darsey Dyke', 'nő', 67),
(255, 'Hunter Gann', 'nő', 35),
(256, 'Armand Reasun', 'nő', 39),
(257, 'Chrissy Bannell', 'nő', 43),
(258, 'Sallyanne Lacheze', 'nő', 10),
(259, 'Eula Giraudot', 'férfi', 61),
(260, 'Cher Giamelli', 'nő', 21),
(261, 'Klarika Chastan', 'férfi', 51),
(262, 'Jerad Barnby', 'nő', 28),
(263, 'Anselma Van Der Straaten', 'nő', 72),
(264, 'Cooper MacSporran', 'nő', 65),
(265, 'Gray Mor', 'férfi', 21),
(266, 'Rowena Filshin', 'férfi', 61),
(267, 'Pancho Baigent', 'férfi', 57),
(268, 'Malinda Bing', 'nő', 70),
(269, 'Arley Kantor', 'férfi', 58),
(270, 'Nowell Blamires', 'nő', 45),
(271, 'Paco Passy', 'nő', 76),
(272, 'Joline Kenward', 'férfi', 56),
(273, 'Maureen Arundel', 'nő', 27),
(274, 'Malissa Springtorp', 'férfi', 67),
(275, 'Tatum Spinas', 'férfi', 55),
(276, 'Arabela Eberdt', 'férfi', 74),
(277, 'Garnet Naismith', 'férfi', 22),
(278, 'Phillip Blunsom', 'férfi', 37),
(279, 'Marcellus Brislane', 'férfi', 79),
(280, 'Aubert Slight', 'nő', 64),
(281, 'Isidora BURWIN', 'férfi', 25),
(282, 'Genna Greeves', 'nő', 64),
(283, 'Jens Laughnan', 'férfi', 51),
(284, 'Jaine Wellan', 'nő', 11),
(285, 'Base Westmoreland', 'nő', 17),
(286, 'Abbey Poyzer', 'nő', 26),
(287, 'Alena Tomson', 'férfi', 61),
(288, 'Virginie Juliff', 'férfi', 43),
(289, 'Rafaello Cleal', 'férfi', 13),
(290, 'Viva Swyer-Sexey', 'nő', 24),
(291, 'Filmer Silliman', 'nő', 75),
(292, 'Alysa Denne', 'nő', 63),
(293, 'Julieta Dumbreck', 'férfi', 44),
(294, 'Kelly Duthy', 'nő', 35),
(295, 'Fredelia Artist', 'férfi', 60),
(296, 'Zelig Puig', 'nő', 67),
(297, 'Eloisa Thomsson', 'férfi', 44),
(298, 'Lorin Brezlaw', 'nő', 16),
(299, 'Marilin Spofford', 'nő', 72),
(300, 'Mala Milburn', 'nő', 20),
(301, 'Elwyn Bumby', 'nő', 80),
(302, 'Christian Bawme', 'nő', 63),
(303, 'Rawley Lakeman', 'férfi', 17),
(304, 'Bord Soall', 'nő', 33),
(305, 'Welbie Nickoles', 'nő', 21),
(306, 'Willow Lyfe', 'férfi', 38),
(307, 'Harmon Sheaf', 'nő', 39),
(308, 'Chelsie Lowndsbrough', 'férfi', 54),
(309, 'Matty Gowland', 'nő', 67),
(310, 'Elisha Aloshikin', 'nő', 46),
(311, 'Gordan Smooth', 'nő', 73),
(312, 'Nike Phizakarley', 'férfi', 13),
(313, 'Maury Laraway', 'nő', 73),
(314, 'Horacio Ackred', 'nő', 39),
(315, 'Sherrie Palfery', 'nő', 66),
(316, 'Ulrikaumeko Worster', 'férfi', 77),
(317, 'Carie Lithcow', 'nő', 12),
(318, 'Martyn Keeling', 'nő', 23),
(319, 'Torey Gillott', 'férfi', 46),
(320, 'Garreth Stede', 'nő', 12),
(321, 'Tyne Budden', 'nő', 66),
(322, 'Maynord Wiffen', 'férfi', 40),
(323, 'Goldarina Winspurr', 'férfi', 37),
(324, 'Reina Mousley', 'férfi', 54),
(325, 'Brnaba Blankhorn', 'nő', 24),
(326, 'Joyan Cawsby', 'nő', 67),
(327, 'Shelba Greensmith', 'nő', 66),
(328, 'Noell Spencook', 'férfi', 20),
(329, 'Judy Grimshaw', 'nő', 41),
(330, 'Rhianna Gartan', 'nő', 15),
(331, 'Gabbi Snufflebottom', 'nő', 25),
(332, 'Cherilyn Jacobowits', 'nő', 70),
(333, 'Jennica Mulleary', 'férfi', 31),
(334, 'Christabel Spatari', 'nő', 75),
(335, 'Claudian Craik', 'férfi', 75),
(336, 'Carson Farney', 'férfi', 74),
(337, 'Amitie Feria', 'férfi', 17),
(338, 'Dulcy Wilsone', 'nő', 18),
(339, 'Ursula Loomis', 'nő', 49),
(340, 'Matthias Eldin', 'férfi', 28),
(341, 'Bondie Calder', 'férfi', 66),
(342, 'Madonna De Gregorio', 'nő', 41),
(343, 'Cirstoforo Tryme', 'férfi', 63),
(344, 'Austin Manass', 'nő', 31),
(345, 'Lolly Wilbore', 'nő', 51),
(346, 'Gustaf Willgress', 'nő', 22),
(347, 'Riane Hadleigh', 'férfi', 56),
(348, 'Tremayne Gabey', 'nő', 30),
(349, 'Sioux Gimert', 'férfi', 30),
(350, 'Stephanie Korfmann', 'nő', 32),
(351, 'Anna-diana Harlin', 'nő', 39),
(352, 'Pammi Crighten', 'nő', 25),
(353, 'Maxy Withrington', 'nő', 80),
(354, 'Madelaine Bithell', 'nő', 54),
(355, 'Valery Gartside', 'férfi', 73),
(356, 'Herc Cathro', 'nő', 9),
(357, 'Weston Monsey', 'nő', 39),
(358, 'Marie-jeanne Duckers', 'férfi', 15),
(359, 'Onofredo Yeell', 'férfi', 71),
(360, 'Wilie Ceaser', 'férfi', 20),
(361, 'Helsa Parkyn', 'férfi', 33),
(362, 'Orly Elintune', 'férfi', 47),
(363, 'Benedict Fitzackerley', 'férfi', 43),
(364, 'Constantine Emor', 'férfi', 51),
(365, 'Nikolia Boom', 'nő', 74),
(366, 'Anestassia Catling', 'nő', 61),
(367, 'Cherri Pina', 'nő', 76),
(368, 'Madelina Guillon', 'férfi', 68),
(369, 'Magdalen Waddilove', 'férfi', 40),
(370, 'Leyla Woltman', 'nő', 57),
(371, 'Ninnetta Maidstone', 'férfi', 25),
(372, 'Redd Maccree', 'nő', 44),
(373, 'Carole Arkle', 'férfi', 69),
(374, 'Curry Baskeyfied', 'férfi', 31),
(375, 'Amery Renak', 'nő', 52),
(376, 'Janek Dachs', 'nő', 19),
(377, 'Cross Dursley', 'nő', 59),
(378, 'Shea Bailles', 'nő', 55),
(379, 'Corrine Swedeland', 'nő', 29),
(380, 'Fair Vurley', 'férfi', 9),
(381, 'Maynord Cricket', 'férfi', 25),
(382, 'Robyn Gabbitas', 'nő', 66),
(383, 'Alonzo McIlmorow', 'nő', 15),
(384, 'Tedd Bedburrow', 'férfi', 56),
(385, 'Mylo Savins', 'nő', 59),
(386, 'Hannis Imason', 'férfi', 19),
(387, 'Antone Roderigo', 'férfi', 17),
(388, 'Koenraad Longhorne', 'férfi', 54),
(389, 'Cyrille Cunney', 'férfi', 17),
(390, 'Katey Larn', 'férfi', 38),
(391, 'Wynnie Dorken', 'férfi', 25),
(392, 'Persis Tirrey', 'nő', 33),
(393, 'Flory Jiracek', 'nő', 40),
(394, 'Bernice Emlyn', 'férfi', 24),
(395, 'Lorianne Kinworthy', 'férfi', 38),
(396, 'Shela Ivan', 'nő', 23),
(397, 'Kitty Anelay', 'nő', 20),
(398, 'Alberta Shurman', 'nő', 9),
(399, 'Aarika Grassett', 'férfi', 27),
(400, 'Jasmina Earie', 'férfi', 46),
(401, 'Dinny Stuckford', 'nő', 40),
(402, 'Cosetta Walkey', 'férfi', 14),
(403, 'Berenice Seeks', 'férfi', 34),
(404, 'Georgianna Stener', 'nő', 74),
(405, 'Grove Hatzar', 'nő', 45),
(406, 'Erv Freshwater', 'nő', 62),
(407, 'Torr McLaren', 'nő', 28),
(408, 'Olympia Heimann', 'nő', 52),
(409, 'Alister Nanson', 'nő', 30),
(410, 'Onfre Coite', 'férfi', 23),
(411, 'Griff Egell', 'nő', 62),
(412, 'Fleur Dennison', 'férfi', 76),
(413, 'Magnum Ducaen', 'férfi', 50),
(414, 'Randy Bartlomieczak', 'férfi', 25),
(415, 'Nolly Gawen', 'nő', 74),
(416, 'Corry Barsam', 'nő', 22),
(417, 'Ashlen Blackadder', 'férfi', 72),
(418, 'Lowe Tilburn', 'nő', 32),
(419, 'Klaus Fishwick', 'nő', 77),
(420, 'Tabbitha Wallenger', 'férfi', 37),
(421, 'Verine Collier', 'nő', 41),
(422, 'Charmine Stredwick', 'férfi', 47),
(423, 'Biddy Lashbrook', 'férfi', 72),
(424, 'Forrest Glassup', 'nő', 71),
(425, 'Vasilis Mulvany', 'férfi', 61),
(426, 'Jaymee Vlasin', 'nő', 59),
(427, 'Zeke Warnock', 'nő', 76),
(428, 'Liv Cranna', 'nő', 40),
(429, 'Frederique Pounder', 'nő', 71),
(430, 'Ruby Muttock', 'férfi', 63),
(431, 'Oswald Rubi', 'férfi', 56),
(432, 'Kristine Zamora', 'férfi', 58),
(433, 'Quillan Vedeshkin', 'férfi', 80),
(434, 'Cos Tarquini', 'férfi', 33),
(435, 'Gran Midner', 'férfi', 43),
(436, 'Donnie McKue', 'nő', 75),
(437, 'Easter Skelhorne', 'nő', 57),
(438, 'Chickie Dows', 'nő', 26),
(439, 'Sol Codman', 'nő', 67),
(440, 'Astrix Geeve', 'férfi', 74),
(441, 'Isacco Farloe', 'nő', 76),
(442, 'Luke Corss', 'férfi', 74),
(443, 'Krishnah Brunker', 'nő', 24),
(444, 'Anabella Cazin', 'nő', 20),
(445, 'Cicily Byer', 'férfi', 35),
(446, 'Suki Beiderbeck', 'nő', 61),
(447, 'Randolph Nerney', 'nő', 65),
(448, 'Austin Werner', 'férfi', 29),
(449, 'Bobbye Allerton', 'férfi', 52),
(450, 'Nolana Finch', 'nő', 37),
(451, 'Templeton Heskin', 'nő', 19),
(452, 'Batsheva Manvelle', 'férfi', 37),
(453, 'Putnem Deyes', 'férfi', 56),
(454, 'Edouard Bransdon', 'férfi', 49),
(455, 'Huntley Swidenbank', 'nő', 15),
(456, 'Ardene Pawfoot', 'férfi', 23),
(457, 'Lisa Ughetti', 'férfi', 53),
(458, 'Hillel Ranvoise', 'férfi', 14),
(459, 'Kliment Birdsall', 'nő', 44),
(460, 'Jules Enoksson', 'férfi', 56),
(461, 'Gabi Barwis', 'nő', 58),
(462, 'Felicia Hexum', 'férfi', 16),
(463, 'Delphinia Ackroyd', 'nő', 51),
(464, 'Shanda Ungaretti', 'nő', 26),
(465, 'Eimile Ley', 'nő', 28),
(466, 'Leopold Binnell', 'nő', 47),
(467, 'Ker Pala', 'férfi', 17),
(468, 'Nilson McCartney', 'nő', 10),
(469, 'Armin Orgel', 'nő', 11),
(470, 'Maryjo Gowman', 'férfi', 13),
(471, 'Heinrik Ogan', 'nő', 73),
(472, 'Matthias Stanton', 'férfi', 61),
(473, 'Ofilia Necolds', 'nő', 73),
(474, 'Upton Vandrill', 'nő', 25),
(475, 'Weston Huyche', 'nő', 26),
(476, 'Fraser Samuel', 'nő', 69),
(477, 'Sylvia Wheeler', 'nő', 76),
(478, 'Midge Call', 'férfi', 59),
(479, 'Catherine Arthurs', 'férfi', 44),
(480, 'Lorettalorna Balasin', 'férfi', 71),
(481, 'Nathaniel Haszard', 'férfi', 29),
(482, 'Granger Menauteau', 'férfi', 9),
(483, 'Paco Bushe', 'nő', 12),
(484, 'Ilario Wane', 'nő', 79),
(485, 'Templeton Radbourn', 'férfi', 76),
(486, 'Falkner Grebert', 'férfi', 45),
(487, 'Gustavus Choldcroft', 'férfi', 23),
(488, 'Merwyn Matts', 'nő', 48),
(489, 'Alyosha O\'Nolan', 'férfi', 77),
(490, 'Angie Tweedlie', 'nő', 35),
(491, 'Ashly Fladgate', 'férfi', 14),
(492, 'Anatol Aitchison', 'nő', 70),
(493, 'Delia Fricker', 'férfi', 33),
(494, 'Barnett Mewhirter', 'nő', 17),
(495, 'Riannon Dunstone', 'férfi', 31),
(496, 'Gerek Duberry', 'férfi', 75),
(497, 'Leesa Bevens', 'nő', 35),
(498, 'Linoel Buttrey', 'férfi', 20),
(499, 'Licha Scarce', 'nő', 73),
(500, 'Gusty Lindstedt', 'nő', 69),
(501, 'Elyn Baum', 'nő', 78),
(502, 'Bebe Eyers', 'férfi', 22),
(503, 'Haleigh McCrum', 'férfi', 17),
(504, 'Becka Rein', 'nő', 74),
(505, 'Cordi Oldnall', 'férfi', 15),
(506, 'Mackenzie Gillaspy', 'férfi', 58),
(507, 'Milena Loalday', 'nő', 15),
(508, 'Giselle Bonafant', 'nő', 70),
(509, 'Romain Durdle', 'férfi', 20),
(510, 'Rani Marron', 'nő', 65),
(511, 'Elisa Edmonston', 'férfi', 74),
(512, 'Betta Quickenden', 'nő', 42),
(513, 'Liam Gilbey', 'nő', 10),
(514, 'Abrahan Winmill', 'nő', 45),
(515, 'Ebonee Benediktovich', 'nő', 75),
(516, 'Robin Gunthorp', 'nő', 64),
(517, 'Phillip Melding', 'férfi', 39),
(518, 'Beaufort Mussalli', 'nő', 38),
(519, 'Jeniece Baud', 'nő', 26),
(520, 'Ruby Kildea', 'nő', 36),
(521, 'Robinet Giovannini', 'férfi', 54),
(522, 'Jacquenette Ruddock', 'nő', 43),
(523, 'Xenos Fannin', 'nő', 63),
(524, 'Crystal Keetley', 'férfi', 24),
(525, 'Laurence MacDirmid', 'nő', 79),
(526, 'Brandea MacVean', 'nő', 19),
(527, 'Davide Yurocjkin', 'férfi', 10),
(528, 'Abbot Admans', 'nő', 44),
(529, 'Arny Croneen', 'nő', 24),
(530, 'Donia Romanet', 'férfi', 29),
(531, 'Gayle Rowney', 'nő', 73),
(532, 'Dorolisa Chastanet', 'férfi', 65),
(533, 'Aida Wainscot', 'férfi', 22),
(534, 'Paquito Grierson', 'nő', 69),
(535, 'Evyn Budd', 'férfi', 77),
(536, 'Evelyn Djakovic', 'férfi', 49),
(537, 'Trudie Scandrett', 'nő', 65),
(538, 'Rod Meredyth', 'nő', 16),
(539, 'Averill Dotson', 'férfi', 16),
(540, 'Celene Sylett', 'férfi', 75),
(541, 'Melisa Bunworth', 'nő', 38),
(542, 'Harcourt Alcott', 'férfi', 66),
(543, 'Heriberto Bleythin', 'férfi', 79),
(544, 'Alair Sigfrid', 'férfi', 37),
(545, 'Verina Ramel', 'nő', 59),
(546, 'Brade Robottham', 'nő', 55),
(547, 'Bella Ross', 'nő', 75),
(548, 'Noelani Spores', 'férfi', 70),
(549, 'Chancey Wibrew', 'nő', 10),
(550, 'Cullin Worsley', 'nő', 67),
(551, 'Torey Weine', 'férfi', 50),
(552, 'Ardis Coatham', 'férfi', 56),
(553, 'Eolande Hardingham', 'nő', 68),
(554, 'Skyler Hardaker', 'férfi', 72),
(555, 'Melany Pavolillo', 'nő', 69),
(556, 'Tressa d\'Arcy', 'nő', 77),
(557, 'Joane Goddman', 'férfi', 20),
(558, 'Farlay Beslier', 'nő', 55),
(559, 'Lotta Titmus', 'nő', 72),
(560, 'Tod Prendeguest', 'férfi', 38),
(561, 'Palm Walewski', 'nő', 70),
(562, 'Elora Mayze', 'nő', 76),
(563, 'Ally Cella', 'nő', 10),
(564, 'Terza Firpi', 'nő', 38),
(565, 'Ella Giamitti', 'nő', 18),
(566, 'Chery Philott', 'férfi', 74),
(567, 'Elsy Hache', 'férfi', 72),
(568, 'Tallou Braferton', 'férfi', 62),
(569, 'Gypsy Marnes', 'nő', 69),
(570, 'Kellia Basketter', 'nő', 22),
(571, 'Shaine Rastall', 'férfi', 23),
(572, 'Pippo Huggins', 'nő', 61),
(573, 'Madelaine Momery', 'nő', 58),
(574, 'Amby Bees', 'nő', 9),
(575, 'Yehudit Scading', 'férfi', 71),
(576, 'Quinlan Davitashvili', 'férfi', 53),
(577, 'Ximenes Cornu', 'nő', 44),
(578, 'Joseph Maddy', 'férfi', 65),
(579, 'Isac Renyard', 'nő', 19),
(580, 'Koral Tawn', 'férfi', 61),
(581, 'Jonis Kleis', 'férfi', 55),
(582, 'Christopher Wanden', 'férfi', 67),
(583, 'Thomasin Bryers', 'nő', 38),
(584, 'Willow McKeurtan', 'nő', 28),
(585, 'Curcio Cockman', 'férfi', 37),
(586, 'Zechariah Ducrow', 'férfi', 59),
(587, 'Marchelle Jerg', 'férfi', 71),
(588, 'Roxy O\' Loughran', 'férfi', 33),
(589, 'Lucy Gianinotti', 'nő', 52),
(590, 'Tandi Bourthouloume', 'nő', 69),
(591, 'Hali L\'Homme', 'nő', 42),
(592, 'Gerhardt Woolsey', 'nő', 34),
(593, 'Kippy Keyson', 'férfi', 37),
(594, 'Turner Branch', 'férfi', 46),
(595, 'Stefa MacElharge', 'férfi', 56),
(596, 'Scott Matzke', 'férfi', 38),
(597, 'Sayre Lathan', 'férfi', 9),
(598, 'Carley Walewski', 'nő', 79),
(599, 'Salli Ruppertz', 'nő', 29),
(600, 'Emmerich Novotna', 'férfi', 69),
(601, 'Lina Dorken', 'nő', 66),
(602, 'Thedric Hinkley', 'nő', 68),
(603, 'Brigida Petrescu', 'nő', 44),
(604, 'Jacquenette Ollington', 'férfi', 66),
(605, 'Blondie Lent', 'férfi', 30),
(606, 'Guthrey Belvin', 'férfi', 68),
(607, 'Nobe Daingerfield', 'férfi', 22),
(608, 'Kathy Midgely', 'nő', 42),
(609, 'Delaney Perassi', 'férfi', 69),
(610, 'Farica Dowderswell', 'nő', 63),
(611, 'Cly Mourant', 'férfi', 37),
(612, 'Roderick Aitkenhead', 'nő', 19),
(613, 'Galen Snellman', 'nő', 50),
(614, 'Stephana Rumble', 'nő', 31),
(615, 'Patsy Pickin', 'nő', 24),
(616, 'Britteny Angelo', 'nő', 78),
(617, 'Holli Mongeot', 'nő', 67),
(618, 'Jorrie Gibben', 'férfi', 35),
(619, 'Katherine Fairleigh', 'nő', 13),
(620, 'Jeanie Trime', 'férfi', 18),
(621, 'Hannis Kerner', 'férfi', 38),
(622, 'Leilah Infante', 'nő', 65),
(623, 'Smith Morteo', 'nő', 46),
(624, 'Norene Sibson', 'férfi', 53),
(625, 'Nickey Smouten', 'nő', 34),
(626, 'Nanon Georgeot', 'férfi', 69),
(627, 'Matthew Suddards', 'férfi', 41),
(628, 'Tuck Swabey', 'férfi', 22),
(629, 'Tammie Mosdell', 'nő', 57),
(630, 'Esta Fennell', 'nő', 15),
(631, 'Alys Crowcroft', 'férfi', 57),
(632, 'Regine Mickan', 'férfi', 63),
(633, 'Urson Dumbelton', 'nő', 23),
(634, 'Manolo Duligal', 'férfi', 80),
(635, 'Benedikt Hamlin', 'férfi', 14),
(636, 'Vivi Venditti', 'nő', 28),
(637, 'Donovan Houlison', 'férfi', 19),
(638, 'Darsie Cardinale', 'nő', 73),
(639, 'Gare Dran', 'férfi', 78),
(640, 'Shela Hannay', 'nő', 80),
(641, 'Sadella Duignan', 'nő', 23),
(642, 'Harley Blaylock', 'férfi', 25),
(643, 'Guthry Dhillon', 'férfi', 24),
(644, 'Reynard Pettis', 'férfi', 32),
(645, 'Garek Broadwood', 'nő', 48),
(646, 'Matthieu Clayden', 'nő', 32),
(647, 'Janna Boshers', 'nő', 80),
(648, 'Morgen Lightning', 'nő', 53),
(649, 'Eveleen Sunners', 'nő', 62),
(650, 'Rolfe MacDonnell', 'férfi', 29),
(651, 'Goldarina Blagburn', 'férfi', 39),
(652, 'Janey Bowart', 'férfi', 26),
(653, 'Adrea Tubb', 'férfi', 80),
(654, 'Siouxie Patifield', 'férfi', 54),
(655, 'Caritta Rossborough', 'nő', 52),
(656, 'Gwyneth Sollam', 'nő', 24),
(657, 'Umeko Waggett', 'férfi', 14),
(658, 'Sukey Grzegorzewicz', 'nő', 70),
(659, 'Ginnie Filov', 'férfi', 34),
(660, 'Emalia Hollier', 'férfi', 15),
(661, 'Neda Doohan', 'férfi', 67),
(662, 'Estel Jenton', 'férfi', 75),
(663, 'Vania Prickett', 'férfi', 78),
(664, 'Ninnetta Sandey', 'nő', 48),
(665, 'Shae Matthewman', 'nő', 64),
(666, 'Elisha Weddell', 'nő', 13),
(667, 'Jessie Aubrey', 'nő', 69),
(668, 'Maxy Wolford', 'férfi', 35),
(669, 'Frankie Darree', 'férfi', 42),
(670, 'Alfy Twinborough', 'nő', 71),
(671, 'Earlie Rilings', 'nő', 46),
(672, 'Rivy Coad', 'nő', 57),
(673, 'Anna Gowrich', 'férfi', 29),
(674, 'Lynnet Blissitt', 'férfi', 69),
(675, 'Staford Garaghan', 'nő', 39),
(676, 'Nealson Atkins', 'férfi', 47),
(677, 'Raquel Obray', 'férfi', 54),
(678, 'Deborah Vina', 'férfi', 44),
(679, 'Brandie Colbron', 'férfi', 61),
(680, 'Fons But', 'nő', 77),
(681, 'Sherri Bredbury', 'férfi', 20),
(682, 'Loise Bottle', 'nő', 53),
(683, 'Jozef MacAlister', 'nő', 56),
(684, 'Lindon Tincknell', 'férfi', 41),
(685, 'Pall Revance', 'nő', 18),
(686, 'Anselm Spilisy', 'férfi', 37),
(687, 'Hana Kuhndel', 'férfi', 48),
(688, 'Brandise Bundock', 'férfi', 78),
(689, 'Ignaz Hovenden', 'férfi', 26),
(690, 'Zared Skeath', 'férfi', 35),
(691, 'Madelaine Cambridge', 'nő', 57),
(692, 'Basile Robinson', 'nő', 69),
(693, 'Conchita Keedy', 'nő', 79),
(694, 'Farlee St Pierre', 'férfi', 32),
(695, 'Halimeda McEvay', 'férfi', 30),
(696, 'Krishna Titta', 'nő', 22),
(697, 'Merci Roja', 'férfi', 45),
(698, 'Judah Haucke', 'nő', 59),
(699, 'Jamey Jaquet', 'férfi', 26),
(700, 'Wally Bason', 'nő', 60),
(701, 'Ferrell Fagan', 'nő', 80),
(702, 'Ninnette Jostan', 'nő', 40),
(703, 'Hyacinthe Covil', 'nő', 53),
(704, 'Maddy Flag', 'nő', 50),
(705, 'Libbey O\' Concannon', 'nő', 69),
(706, 'Maribeth Erington', 'nő', 59),
(707, 'Marmaduke Heintz', 'férfi', 45),
(708, 'Vidovik Gregine', 'férfi', 42),
(709, 'Annice Chitson', 'nő', 66),
(710, 'Gayel Cribbins', 'nő', 48),
(711, 'Neall Berzon', 'nő', 13),
(712, 'Maximilianus Fulop', 'nő', 79),
(713, 'Ebenezer Conachy', 'férfi', 53),
(714, 'Kylila Tapsfield', 'férfi', 23),
(715, 'Shela Sepey', 'férfi', 45),
(716, 'Shirlene Lambotin', 'férfi', 10),
(717, 'Ilyssa Ciccerale', 'nő', 37),
(718, 'Cynthie Cud', 'nő', 44),
(719, 'Gwenette Sheldrake', 'férfi', 77),
(720, 'Elsy Siggin', 'nő', 75),
(721, 'Sari De Robertis', 'nő', 41),
(722, 'Anastasia Buckleigh', 'férfi', 48),
(723, 'Kattie Steptowe', 'férfi', 54),
(724, 'Alfonso Knappe', 'nő', 65),
(725, 'Anthia Adess', 'férfi', 73),
(726, 'Fidela Klampt', 'nő', 59),
(727, 'Dene Gori', 'férfi', 57),
(728, 'Murdock Cuttings', 'nő', 30),
(729, 'Rebekah Tern', 'férfi', 21),
(730, 'Gerta Mityashin', 'férfi', 67),
(731, 'Tallie Foxworthy', 'nő', 57),
(732, 'Hermann McFaul', 'férfi', 67),
(733, 'Randi Rosewell', 'nő', 57),
(734, 'Constancy Victor', 'férfi', 11),
(735, 'Trey Durnford', 'férfi', 14),
(736, 'Robenia Luard', 'nő', 41),
(737, 'Etienne Larchier', 'férfi', 21),
(738, 'Sephira Overil', 'nő', 74),
(739, 'Mic Wettern', 'férfi', 18),
(740, 'Vladimir Bradwell', 'férfi', 63),
(741, 'Denny Kerkham', 'nő', 19),
(742, 'Phil Vaune', 'férfi', 22),
(743, 'Joseito Bark', 'nő', 24),
(744, 'Simmonds Dominicacci', 'nő', 18),
(745, 'Cristi Seilmann', 'nő', 46),
(746, 'Agnella Klimentov', 'nő', 37),
(747, 'Flossie Swale', 'nő', 43),
(748, 'Baxy Griggs', 'nő', 40),
(749, 'Dell Rayman', 'férfi', 63),
(750, 'Cherye Franzman', 'nő', 49),
(751, 'Joellyn Dargue', 'nő', 29),
(752, 'Rhianna Shervil', 'férfi', 28),
(753, 'Ricardo Alcide', 'férfi', 10),
(754, 'Wake Jeffress', 'nő', 34),
(755, 'Cindi MacKowle', 'nő', 68),
(756, 'Angelia Errett', 'nő', 46),
(757, 'Paulina Roslen', 'férfi', 71),
(758, 'Gris Okey', 'nő', 49),
(759, 'Elwyn Lansley', 'férfi', 41),
(760, 'Marcelline Hollyar', 'férfi', 59),
(761, 'Garry Radclyffe', 'nő', 44),
(762, 'Coraline Madigan', 'nő', 40),
(763, 'Orland Pagden', 'nő', 45),
(764, 'Xerxes Lansdale', 'férfi', 61),
(765, 'Elle Albrooke', 'férfi', 51),
(766, 'Wayland Groneway', 'nő', 39),
(767, 'Sayers Tackley', 'nő', 44),
(768, 'Marsha O\'Collopy', 'nő', 28),
(769, 'Anton Deddum', 'férfi', 72),
(770, 'Sande Chilver', 'nő', 29),
(771, 'Patty Deacon', 'nő', 52),
(772, 'Lucinda Dutnall', 'férfi', 66),
(773, 'Ursola Andree', 'férfi', 62),
(774, 'Ferne Schelle', 'férfi', 29),
(775, 'Bren Chester', 'nő', 45),
(776, 'Lizzy Esland', 'férfi', 10),
(777, 'Ilsa Passey', 'nő', 39),
(778, 'Beilul Nibloe', 'nő', 16),
(779, 'Sybille Robertshaw', 'nő', 76),
(780, 'Charlena Halburton', 'nő', 63),
(781, 'Wyn Le Prevost', 'férfi', 25),
(782, 'Neale Matten', 'férfi', 20),
(783, 'Max Woodyeare', 'férfi', 48),
(784, 'Wolf Crowd', 'férfi', 46),
(785, 'Sunny Rowlings', 'nő', 24),
(786, 'Joela Faldoe', 'férfi', 61),
(787, 'Minni Sigsworth', 'férfi', 70),
(788, 'Olga Annandale', 'férfi', 9),
(789, 'Ingar Joint', 'férfi', 74),
(790, 'Silvanus Alvaro', 'férfi', 68),
(791, 'Carrie Baylis', 'férfi', 56),
(792, 'Rosco Renn', 'nő', 16),
(793, 'Tallou Richly', 'férfi', 52),
(794, 'Fidela Scrivin', 'férfi', 70),
(795, 'Berky Clubley', 'férfi', 64),
(796, 'Emalia Craze', 'nő', 53),
(797, 'Dori Maplethorp', 'nő', 39),
(798, 'Burke Miell', 'férfi', 28),
(799, 'Walton Beat', 'nő', 51),
(800, 'Reinald Billett', 'nő', 39),
(801, 'Cecil Bice', 'férfi', 22),
(802, 'Giorgio Castel', 'nő', 31),
(803, 'Ruperta Binnes', 'nő', 72),
(804, 'Bernette Kornes', 'férfi', 75),
(805, 'Ranna Popland', 'férfi', 16),
(806, 'Kimberlee Skill', 'férfi', 13),
(807, 'Martha Danzelman', 'férfi', 60),
(808, 'Floria Bourdas', 'férfi', 80),
(809, 'Emmerich Keighly', 'férfi', 9),
(810, 'Shell Darco', 'férfi', 50),
(811, 'Joellen Thewlis', 'nő', 68),
(812, 'Clement Garken', 'férfi', 59),
(813, 'Merlina Ouslem', 'nő', 17),
(814, 'Rudy Biggadike', 'nő', 53),
(815, 'Tana Abeles', 'férfi', 49),
(816, 'Constancia Meedendorpe', 'nő', 31),
(817, 'Tricia McGarvey', 'nő', 17),
(818, 'Alexander McArdle', 'nő', 9),
(819, 'Adel Palin', 'férfi', 34),
(820, 'Gerhard Jeanneau', 'nő', 58),
(821, 'Fredia Lindro', 'nő', 68),
(822, 'Lena Sydes', 'nő', 38),
(823, 'Hansiain Willoway', 'nő', 26),
(824, 'Nydia Eyles', 'férfi', 73),
(825, 'Marcello Ismead', 'férfi', 68),
(826, 'Budd Warke', 'nő', 50),
(827, 'Aldin Janeway', 'férfi', 20),
(828, 'Wolfy Gannicott', 'férfi', 62),
(829, 'Tracy Henriques', 'férfi', 71),
(830, 'Walther Lissett', 'férfi', 63),
(831, 'Daniele Bengle', 'nő', 47),
(832, 'Talia Chadwick', 'férfi', 16),
(833, 'Averil Agglione', 'nő', 72),
(834, 'Dmitri Soppitt', 'nő', 42),
(835, 'Gabriele Kerss', 'nő', 44),
(836, 'Reinaldo Ridsdale', 'nő', 50),
(837, 'Bernardina Stelfox', 'nő', 69),
(838, 'Crin Barthel', 'nő', 23),
(839, 'Addy Perett', 'nő', 12),
(840, 'Tedmund Sférfis', 'nő', 50),
(841, 'Calla Eustes', 'férfi', 33),
(842, 'Kayne Spellacy', 'férfi', 62),
(843, 'Masha Healing', 'nő', 80),
(844, 'Phillie Jarrell', 'nő', 21),
(845, 'Sheffy Shank', 'nő', 41),
(846, 'Mariya Richford', 'férfi', 23),
(847, 'Sterne Normanvill', 'férfi', 50),
(848, 'Cinnamon Zaniolini', 'férfi', 54),
(849, 'Jeanette Middler', 'nő', 66),
(850, 'Paulie Bennellick', 'nő', 39),
(851, 'Yorgo Yacobsohn', 'férfi', 38),
(852, 'Hilton Halburton', 'nő', 18),
(853, 'Benton Du Plantier', 'nő', 17),
(854, 'Zaria Piolli', 'nő', 27),
(855, 'Kerr Holtom', 'férfi', 45),
(856, 'Giulio O\'Flannery', 'férfi', 28),
(857, 'Shaylynn Jura', 'nő', 18),
(858, 'Keenan Banks', 'férfi', 76),
(859, 'Letizia Boutcher', 'férfi', 29),
(860, 'Rayner Lepoidevin', 'férfi', 65),
(861, 'Giacopo Penley', 'nő', 31),
(862, 'Hettie Bedford', 'nő', 24),
(863, 'Gus Swannack', 'férfi', 59),
(864, 'Marjory Newbery', 'férfi', 62),
(865, 'Dorris Waumsley', 'férfi', 21),
(866, 'Jodi Keates', 'férfi', 77),
(867, 'Penelope Headley', 'férfi', 60),
(868, 'Hazlett Allchorn', 'férfi', 19),
(869, 'Kaspar Jeandillou', 'nő', 74),
(870, 'Normy Peploe', 'férfi', 17),
(871, 'Christophe Ouver', 'férfi', 50),
(872, 'Westbrooke Gatecliff', 'férfi', 25),
(873, 'Wilma Greenroyd', 'férfi', 18),
(874, 'Nels Medling', 'férfi', 65),
(875, 'Quentin Wildbore', 'nő', 63),
(876, 'Tally Danford', 'nő', 35),
(877, 'Leisha Millea', 'férfi', 17),
(878, 'Melita Stoppard', 'férfi', 18),
(879, 'Trula MacKnockiter', 'nő', 50),
(880, 'Ulrikaumeko Linkin', 'nő', 32),
(881, 'Sigfrid Pointin', 'nő', 54),
(882, 'Ced Reddlesden', 'férfi', 68),
(883, 'Domeniga Ferronet', 'nő', 44),
(884, 'Putnam Piccard', 'nő', 51),
(885, 'Devan Sinkins', 'férfi', 42),
(886, 'Evered Swalwell', 'férfi', 62),
(887, 'Susannah Keepe', 'nő', 58),
(888, 'Laverna Chalder', 'nő', 15),
(889, 'Kenna Wenman', 'férfi', 63),
(890, 'Jewell Ugolini', 'nő', 68),
(891, 'Xenia Kubicek', 'nő', 52),
(892, 'Halette Galgey', 'férfi', 17),
(893, 'Winne Fludder', 'nő', 46),
(894, 'Enrichetta Tisor', 'férfi', 47),
(895, 'Carree Lorent', 'nő', 46),
(896, 'Karylin Dukelow', 'férfi', 50),
(897, 'Sapphira Ayerst', 'nő', 79),
(898, 'Pat Rodrigo', 'férfi', 72),
(899, 'Wolfgang Remon', 'férfi', 74),
(900, 'Mandi Pirie', 'férfi', 41),
(901, 'Megen Fippe', 'férfi', 77),
(902, 'Reagan Batter', 'férfi', 79),
(903, 'Karly Fritchly', 'nő', 70),
(904, 'Patrizio Trippett', 'nő', 38),
(905, 'Branden Blase', 'férfi', 71),
(906, 'Larisa Deathridge', 'férfi', 29),
(907, 'Tamma Guillotin', 'férfi', 38),
(908, 'Quentin Kirkhouse', 'férfi', 22),
(909, 'Gordie Worthington', 'nő', 46),
(910, 'Pate Daffey', 'férfi', 46),
(911, 'Caldwell Cowlard', 'nő', 19),
(912, 'L;urette Chaffer', 'férfi', 35),
(913, 'Diannne Berridge', 'férfi', 52),
(914, 'Vincenty Schimpke', 'nő', 35),
(915, 'Bradan Eberts', 'férfi', 26),
(916, 'Faustine Bonass', 'férfi', 16),
(917, 'Marybeth Milne', 'férfi', 58),
(918, 'Axel Griss', 'nő', 20),
(919, 'Cary Brinkley', 'nő', 41),
(920, 'Cazzie Murcutt', 'férfi', 60),
(921, 'Augusto Jeakins', 'férfi', 27),
(922, 'Annetta Alessandretti', 'férfi', 57),
(923, 'Myrwyn Pezey', 'nő', 65),
(924, 'Kipp Bryan', 'férfi', 79),
(925, 'Inigo Aggas', 'férfi', 21),
(926, 'Carlin Knagges', 'nő', 16),
(927, 'Gawain Schoales', 'férfi', 77),
(928, 'Gael Oxtiby', 'nő', 76),
(929, 'Florette Ible', 'nő', 10),
(930, 'Mira MacMaster', 'nő', 28),
(931, 'Dottie Rosander', 'férfi', 80),
(932, 'Patience Tod', 'nő', 32),
(933, 'Brock Josling', 'nő', 40),
(934, 'Iseabal Sitch', 'nő', 10),
(935, 'Barn Le Maitre', 'nő', 36),
(936, 'Walliw Escala', 'nő', 11),
(937, 'Zaneta Devenport', 'nő', 44),
(938, 'Almeda Forbear', 'nő', 56),
(939, 'Emerson Signoret', 'nő', 64),
(940, 'Welbie Faragher', 'nő', 13),
(941, 'Selby Badsey', 'nő', 48),
(942, 'Alfredo Tissiman', 'nő', 76),
(943, 'Garnet Moule', 'nő', 78),
(944, 'Alma Needs', 'nő', 20),
(945, 'Teresina Spadazzi', 'nő', 47),
(946, 'Kane Flade', 'nő', 27),
(947, 'Powell Izchaki', 'nő', 57),
(948, 'Lynsey Burchill', 'férfi', 24),
(949, 'Leo Lampen', 'férfi', 69),
(950, 'Marietta Pattenden', 'férfi', 42),
(951, 'Niko Guisler', 'férfi', 26),
(952, 'Kitty Heistermann', 'férfi', 22),
(953, 'Zebulon Ramshay', 'nő', 23),
(954, 'Sigfried Adrienne', 'férfi', 56),
(955, 'Lucille Cordeux', 'nő', 71),
(956, 'Gallagher Batchelar', 'férfi', 35),
(957, 'Marcelline Acreman', 'férfi', 52),
(958, 'Charlton Luxford', 'nő', 68),
(959, 'Debee Mummery', 'férfi', 60),
(960, 'Ruthann Ilyuchyov', 'férfi', 29),
(961, 'Leontyne Farren', 'férfi', 74),
(962, 'Cheslie Roggieri', 'nő', 38),
(963, 'Pasquale Doggett', 'nő', 75),
(964, 'Laurens Bendan', 'nő', 55),
(965, 'Chevalier Fiddian', 'férfi', 31),
(966, 'Riobard Sherebrooke', 'nő', 46),
(967, 'Linette Manjin', 'nő', 53),
(968, 'Roz Di Domenico', 'nő', 43),
(969, 'Kinny Slograve', 'nő', 24),
(970, 'Adham Ensor', 'nő', 67),
(971, 'Verile Gilhooley', 'férfi', 57),
(972, 'Tod Schall', 'férfi', 68),
(973, 'Oby Esby', 'nő', 70),
(974, 'Catina Sandcroft', 'nő', 13),
(975, 'Corrina Imesen', 'férfi', 65),
(976, 'Jana Tanby', 'nő', 58),
(977, 'Lissi Bleibaum', 'férfi', 35),
(978, 'Clayborn Beecroft', 'férfi', 44),
(979, 'Rutledge Jonson', 'férfi', 14),
(980, 'Annnora Feldhammer', 'nő', 27),
(981, 'Roth Blackshaw', 'férfi', 60),
(982, 'Katherina Heminsley', 'férfi', 24),
(983, 'Kanya Edeson', 'férfi', 38),
(984, 'Sammy Whitsey', 'férfi', 68),
(985, 'Kaitlyn Skirvane', 'férfi', 77),
(986, 'Vyky Glasscock', 'nő', 78),
(987, 'Annabell Goggan', 'nő', 54),
(988, 'Anet Hattigan', 'férfi', 51),
(989, 'Dominga Pigrome', 'férfi', 55),
(990, 'Abbey Hillen', 'férfi', 51),
(991, 'Amerigo Buckler', 'nő', 75),
(992, 'Aldrich Juhruke', 'nő', 13),
(993, 'Veronike Edards', 'nő', 67),
(994, 'Vern Riatt', 'férfi', 34),
(995, 'Livy Hampshire', 'nő', 27),
(996, 'Cindie Witard', 'nő', 61),
(997, 'Cornell MacKellar', 'férfi', 69),
(998, 'Gwyn Penwarden', 'férfi', 77),
(999, 'Sheela Thompson', 'nő', 74),
(1000, 'Gwenora Hampton', 'nő', 41);

-- --------------------------------------------------------

--
-- Tábla szerkezet ehhez a táblához `konyvek`
--

CREATE TABLE `konyvek` (
  `isbn` varchar(13) NOT NULL,
  `cim` varchar(50) DEFAULT NULL,
  `eredeti_cim` varchar(50) DEFAULT NULL,
  `szerzo` varchar(30) DEFAULT NULL,
  `resz` int DEFAULT NULL,
  `sorozat` varchar(30) DEFAULT NULL,
  `oldalak_szama` int DEFAULT NULL,
  `kiado` varchar(30) DEFAULT NULL,
  `fordito` varchar(30) DEFAULT NULL,
  `kategoria` varchar(20) DEFAULT NULL
) ENGINE=InnoDB DEFAULT CHARSET=utf8mb3;

--
-- A tábla adatainak kiíratása `konyvek`
--

INSERT INTO `konyvek` (`isbn`, `cim`, `eredeti_cim`, `szerzo`, `resz`, `sorozat`, `oldalak_szama`, `kiado`, `fordito`, `kategoria`) VALUES
('9786155008672', '88 magyar találmány', NULL, 'Köteles Viktória', NULL, NULL, 128, 'Central Médiacsoport Zrt.', NULL, 'ismeretterjesztő'),
('9786155522482', 'Nagyvad', 'Big Game', 'Dan Smith', NULL, NULL, 240, 'Agave Könyvek Kiadó Kft.', NULL, 'krimi'),
('9786155522512', 'Az ember a fellegvárban', 'The Man in the High Castle', 'Philip K. Dick', NULL, NULL, 228, 'Agave Könyvek Kiadó Kft.', 'Gerevich T. András', 'fantasy'),
('9786155522536', 'A varázslók', NULL, 'Lev Grossman', 1, 'Varázslók', 448, 'Agave Könyvek Kiadó Kft.', NULL, 'fantasy'),
('9786155522895', 'A varázslókirály', NULL, 'Lev Grossman', 2, 'Varázslók', 416, 'Agave Könyvek Kiadó Kft.', 'Dr. Sámi László', 'fantasy'),
('9789632451558', 'Újhold', 'New Moon', 'Stephenie Meyer', 2, 'Twilight saga', 650, 'Könyvmlyképző Kiadó Kft.', 'Rakovszky Zsuzsa', 'fantasy'),
('9789632451770', 'Napfogyatkozás ', 'Eclipse', 'Stephenie Meyer', 3, 'Twilight saga', 750, 'Könyvmlyképző Kiadó Kft.', 'Rakovszky Zsuzsa', 'fantasy'),
('9789632452760', 'Hajnalhasadás ', 'Breaking Dawn', 'Stephenie Meyer', 4, 'Twilight saga', 776, 'Könyvmlyképző Kiadó Kft.', 'Bosnyák Viktória', 'fantasy'),
('9789633242711', 'Az emlékek őre', NULL, 'Lois Lowry', NULL, NULL, 238, 'Animus Kiadó', 'Tóth Tamás Boldizsár', 'ifjúsági'),
('9789633244548', 'Harry Potter és a bölcsek köve', 'Harry Potter and the Philosopher\'s Ston', 'J. K. Rowling', 1, 'Harry Potter', 336, 'Animus Kiadó', 'Tóth Tamás Boldizsár', 'fantasy'),
('9789633244562', 'Harry Potter és a Titkok Kamrája', 'Harry Potter and the Chamber of Secrets', 'J. K. Rowling', 2, 'Harry Potter', 368, 'Animus Kiadó', 'Tóth Tamás Boldizsár', 'fantasy'),
('9789633244579', 'Harry Potter és az azkabani fogoly', 'Harry Potter and the Prisoner of Azkaban', 'J. K. Rowling', 3, 'Harry Potter', 480, 'Animus Kiadó', 'Tóth Tamás Boldizsár', 'fantasy'),
('9789633244586', 'Harry Potter és a Tűz Serlege', 'Harry Potter and the Goblet of Fire', 'J. K. Rowling', 4, 'Harry Potter', 624, 'Animus Kiadó', 'Tóth Tamás Boldizsár', 'fantasy'),
('9789633244593', 'Harry Potter és a Főnix Rendje', 'Harry Potter and the Order of the Phoenix', 'J. K. Rowling', 5, 'Harry Potter', 816, 'Animus Kiadó', 'Tóth Tamás Boldizsár', 'fantasy'),
('9789633244609', 'Harry Potter és a Félvér Herceg', 'Harry Potter and the Half-Blood Prince', 'J. K. Rowling', 6, 'Harry Potter', 591, 'Animus Kiadó', 'Tóth Tamás Boldizsár', 'fantasy'),
('9789633244616', 'Harry Potter és a Halál ereklyéi', 'Harry Potter and the Deathly Hallows', 'J. K. Rowling', 7, 'Harry Potter', 656, 'Animus Kiadó', 'Tóth Tamás Boldizsár', 'fantasy'),
('9789633411872', 'Hogyan altassunk kisbabát', NULL, 'Judy Baratt', NULL, NULL, 96, 'Central Médiacsoport Zrt.', NULL, 'gyermeknevelés'),
('9789633997604', 'Az ékszerrablók nyomában', NULL, 'Kántor Kata', 1, 'Nózi nyomoz', 112, 'Könyvmlyképző Kiadó Kft.', NULL, 'gyerek'),
('9789634190516', 'A varázsló birodalma', NULL, 'Lev Grossman', 3, 'Varázslók', 416, 'Agave Könyvek Kiadó Kft.', 'Dr. Sámi László', 'fantasy'),
('9789634194132', 'Elektronikus álmok', 'Electric Dreams', 'Philip K. Dick', NULL, NULL, 240, 'Agave Könyvek Kiadó Kft.', NULL, 'fantasy'),
('9789634571117', 'Gyilkos társas', 'The Killing Game', 'J. S. Carol', NULL, NULL, 448, 'Könyvmlyképző Kiadó Kft.', NULL, 'thriller'),
('9789634572961', 'Tolvajtempó', NULL, 'Kántor Kata', 2, 'Nózi nyomoz', 112, 'Könyvmlyképző Kiadó Kft.', NULL, 'gyerek'),
('9789639637795', 'Agyhullám: Java', NULL, NULL, NULL, 'Agyhullám', 683, 'Kiskapu', NULL, 'informatika'),
('9789639708952', 'Alkonyat', 'Twilight', 'Stephenie Meyer', 1, 'Twilight saga', 504, 'Könyvmlyképző Kiadó Kft.', 'Rakovszky Zsuzsa', 'fantasy');



CREATE TABLE `tulajdonok` (
  `ember_id` int NOT NULL,
  `isbn` varchar(13) NOT NULL,
  `elolvasva` int DEFAULT NULL
) ENGINE=InnoDB DEFAULT CHARSET=utf8mb3;


INSERT INTO `tulajdonok` (`ember_id`, `isbn`, `elolvasva`) VALUES
(2, '9789633244562', 1),
(2, '9789633244579', 1),
(3, '9789639708952', 1),
(4, '9789633997604', 1),
(8, '9789639708952', 1),
(9, '9786155522895', 0),
(9, '9789633244609', 1),
(11, '9789633244562', 0),
(12, '9789634571117', 0),
(12, '9789639637795', 1),
(13, '9786155522482', 1),
(14, '9786155522512', 1),
(14, '9789633244586', 0),
(14, '9789633244593', 0),
(14, '9789634571117', 1),
(15, '9786155522512', 1),
(16, '9786155522512', 1),
(17, '9789634194132', 0),
(18, '9789632451770', 0),
(24, '9786155522512', 1),
(29, '9789634190516', 1),
(32, '9789634571117', 0),
(36, '9786155522482', 1),
(40, '9789633244562', 1),
(41, '9789633244579', 1),
(42, '9789633411872', 1),
(43, '9786155522482', 1),
(43, '9789633244609', 1),
(44, '9786155008672', 1),
(44, '9789633244562', 1),
(45, '9789633244609', 0),
(49, '9789633244548', 1),
(49, '9789634190516', 1),
(50, '9789632451770', 1),
(51, '9789633244616', 1),
(55, '9789634194132', 1),
(56, '9786155522536', 1),
(56, '9789632451558', 1),
(56, '9789633244548', 0),
(58, '9789633244616', 1),
(58, '9789634194132', 1),
(62, '9789633242711', 0),
(65, '9789633411872', 1),
(72, '9789632452760', 1),
(72, '9789634572961', 1),
(76, '9789639708952', 1),
(79, '9789632451770', 1),
(80, '9786155522536', 1),
(81, '9789634572961', 1),
(86, '9789633244586', 1),
(90, '9786155522482', 1),
(90, '9789632451558', 1),
(90, '9789634571117', 1),
(92, '9789634572961', 1),
(95, '9789634572961', 1),
(98, '9789633244579', 1),
(99, '9786155522512', 1),
(100, '9789634194132', 1),
(101, '9789633242711', 1),
(103, '9789634190516', 1),
(105, '9789633244562', 0),
(106, '9789632452760', 1),
(107, '9786155522512', 1),
(107, '9786155522536', 1),
(107, '9789633244616', 1),
(110, '9789633244562', 1),
(111, '9789634571117', 1),
(115, '9789633244593', 1),
(117, '9789633244586', 1),
(118, '9789632451558', 0),
(118, '9789634571117', 1),
(120, '9789633244548', 1),
(122, '9789633244593', 1),
(124, '9786155008672', 1),
(125, '9786155522895', 0),
(125, '9789632451558', 1),
(130, '9789634571117', 1),
(131, '9789633242711', 1),
(132, '9789633244593', 1),
(132, '9789634571117', 1),
(137, '9789632451770', 1),
(137, '9789633244562', 1),
(141, '9786155522512', 0),
(142, '9789633411872', 0),
(150, '9789632451558', 1),
(151, '9789632451558', 1),
(151, '9789634572961', 1),
(153, '9789633244562', 1),
(155, '9789634194132', 1),
(156, '9789633411872', 1),
(168, '9786155522482', 1),
(168, '9789633244579', 1),
(171, '9789633997604', 1),
(174, '9789632452760', 1),
(174, '9789633244548', 0),
(177, '9789632451770', 1),
(178, '9786155522482', 0),
(179, '9789632451770', 1),
(179, '9789633244586', 1),
(179, '9789634571117', 1),
(180, '9789634194132', 1),
(182, '9789633244548', 1),
(184, '9789633244593', 1),
(187, '9789633244562', 1),
(187, '9789633244616', 0),
(192, '9789633244562', 1),
(193, '9789632451558', 0),
(193, '9789633242711', 1),
(194, '9786155522512', 1),
(195, '9789633244579', 1),
(197, '9789633242711', 0),
(200, '9786155522512', 1),
(200, '9789634194132', 1),
(201, '9786155522512', 1),
(201, '9789634190516', 1),
(202, '9789633242711', 1),
(202, '9789633244562', 1),
(202, '9789639637795', 1),
(205, '9789633244593', 0),
(205, '9789633997604', 1),
(205, '9789634571117', 1),
(210, '9789632451770', 1),
(210, '9789634190516', 1),
(210, '9789639708952', 1),
(211, '9789633244609', 1),
(211, '9789634194132', 1),
(213, '9789634194132', 0),
(215, '9786155522536', 0),
(215, '9789632451558', 1),
(217, '9789633242711', 1),
(217, '9789633244548', 1),
(217, '9789634572961', 1),
(218, '9789633244593', 0),
(221, '9789633244586', 0),
(223, '9789632451770', 1),
(224, '9789633244586', 0),
(226, '9789633244593', 1),
(228, '9789634571117', 1),
(231, '9789634571117', 1),
(232, '9789634190516', 1),
(240, '9789632451770', 0),
(242, '9789633997604', 1),
(243, '9789633244579', 1),
(243, '9789639637795', 1),
(244, '9789634194132', 0),
(245, '9789632451558', 0),
(246, '9786155522482', 0),
(249, '9789632452760', 1),
(251, '9786155008672', 1),
(253, '9786155522536', 1),
(253, '9786155522895', 1),
(254, '9789632451770', 0),
(254, '9789633244593', 0),
(255, '9786155522895', 1),
(256, '9789634194132', 1),
(258, '9789633997604', 0),
(259, '9786155522895', 1),
(259, '9789633244616', 1),
(262, '9789634190516', 1),
(263, '9789639708952', 1),
(264, '9789633242711', 1),
(264, '9789633244548', 1),
(266, '9786155008672', 1),
(266, '9789633242711', 1),
(266, '9789633244616', 1),
(267, '9789633244548', 1),
(269, '9789633244609', 1),
(269, '9789633244616', 1),
(269, '9789634571117', 1),
(270, '9789639708952', 1),
(273, '9789634571117', 0),
(275, '9789633244579', 1),
(276, '9786155008672', 1),
(277, '9786155522512', 1),
(282, '9786155522536', 1),
(282, '9789634572961', 0),
(285, '9789634190516', 1),
(286, '9789633411872', 1),
(290, '9786155522895', 1),
(290, '9789632451558', 1),
(290, '9789632451770', 1),
(290, '9789634190516', 1),
(295, '9789633244586', 1),
(298, '9789632451558', 1),
(299, '9789633242711', 0),
(300, '9789634190516', 0),
(304, '9789633244579', 1),
(305, '9789634571117', 0),
(308, '9786155522895', 0),
(309, '9786155522482', 0),
(310, '9786155522482', 1),
(311, '9786155522512', 0),
(311, '9789633244548', 1),
(314, '9786155522512', 1),
(315, '9786155522895', 1),
(315, '9789633244593', 0),
(316, '9789633997604', 1),
(317, '9789633244579', 1),
(319, '9789633244593', 1),
(320, '9786155522482', 1),
(320, '9789633244562', 1),
(320, '9789634572961', 0),
(321, '9789632451770', 1),
(323, '9786155522512', 1),
(323, '9789633244579', 0),
(329, '9789632451770', 1),
(330, '9789633244579', 1),
(333, '9789639637795', 0),
(334, '9789634190516', 1),
(334, '9789639708952', 1),
(335, '9786155522895', 1),
(342, '9789633244593', 0),
(343, '9789633244562', 1),
(344, '9789633244548', 0),
(349, '9786155008672', 1),
(350, '9789634572961', 0),
(351, '9786155522536', 0),
(356, '9789639637795', 0),
(357, '9789633244579', 1),
(358, '9789634190516', 1),
(359, '9789633997604', 1),
(360, '9786155522536', 1),
(362, '9789634190516', 1),
(363, '9789632451770', 1),
(366, '9786155522482', 1),
(366, '9789634194132', 1),
(368, '9786155522895', 1),
(368, '9789632452760', 0),
(370, '9786155522895', 1),
(371, '9789634194132', 1),
(374, '9786155522482', 1),
(374, '9789634194132', 1),
(375, '9786155008672', 1),
(376, '9789633244579', 1),
(379, '9789633244562', 1),
(380, '9789632451770', 1),
(380, '9789633244562', 1),
(380, '9789633244609', 1),
(380, '9789634572961', 1),
(383, '9786155522482', 1),
(383, '9786155522512', 1),
(384, '9789633242711', 1),
(385, '9789633244586', 1),
(385, '9789634194132', 0),
(386, '9789633244562', 0),
(387, '9789633244616', 1),
(387, '9789634571117', 0),
(390, '9789633244616', 0),
(391, '9789633244548', 1),
(391, '9789633411872', 1),
(392, '9789633244586', 1),
(393, '9786155522895', 1),
(397, '9789633411872', 1),
(398, '9789634190516', 0),
(399, '9789633244586', 0),
(400, '9786155522895', 0),
(406, '9786155008672', 1),
(406, '9789633244609', 1),
(407, '9789634190516', 1),
(407, '9789634194132', 1),
(408, '9789633244562', 1),
(408, '9789633244586', 1),
(409, '9789634194132', 1),
(410, '9789634194132', 1),
(412, '9789633244593', 1),
(413, '9789633242711', 1),
(413, '9789633244616', 0),
(413, '9789634571117', 1),
(414, '9789634194132', 0),
(415, '9789633244562', 1),
(418, '9789632452760', 0),
(419, '9786155522895', 1),
(419, '9789632451558', 1),
(421, '9789633244548', 1),
(422, '9786155522895', 1),
(425, '9786155522536', 1),
(426, '9789632451770', 1),
(427, '9789634194132', 1),
(429, '9789633244609', 1),
(432, '9789632452760', 1),
(432, '9789633244616', 1),
(436, '9786155522536', 1),
(436, '9789639637795', 1),
(438, '9789633244562', 0),
(441, '9789633244616', 1),
(443, '9786155522482', 0),
(443, '9789639708952', 0),
(446, '9789633244593', 1),
(447, '9789632451770', 1),
(451, '9789634571117', 1),
(452, '9789632451558', 1),
(452, '9789633244562', 1),
(452, '9789633997604', 1),
(452, '9789634571117', 1),
(454, '9789633244593', 1),
(454, '9789633997604', 1),
(459, '9786155522512', 1),
(459, '9789633244562', 1),
(460, '9789633997604', 1),
(463, '9789633244562', 1),
(463, '9789633244586', 1),
(463, '9789639637795', 1),
(465, '9789632451770', 1),
(466, '9786155522536', 1),
(466, '9786155522895', 1),
(466, '9789634572961', 1),
(468, '9786155522512', 1),
(469, '9786155522536', 1),
(473, '9789633244593', 1),
(474, '9786155008672', 1),
(474, '9786155522512', 1),
(476, '9786155008672', 1),
(476, '9789639637795', 0),
(478, '9789634190516', 0),
(481, '9789634571117', 1),
(482, '9789633244548', 0),
(483, '9789634190516', 1),
(484, '9786155522536', 1),
(484, '9789633244548', 1),
(486, '9789633411872', 0),
(487, '9789633242711', 1),
(489, '9789633244586', 0),
(489, '9789639708952', 0),
(490, '9789632451558', 1),
(493, '9789633997604', 0),
(493, '9789634571117', 1),
(495, '9789639708952', 1),
(496, '9786155008672', 1),
(498, '9789634190516', 1),
(500, '9786155522536', 1),
(500, '9789634194132', 1),
(502, '9789634194132', 1),
(504, '9786155522512', 0),
(504, '9789639708952', 1),
(505, '9789633997604', 1),
(508, '9789633244548', 1),
(508, '9789633244579', 1),
(510, '9789632451558', 1),
(511, '9789633244586', 1),
(512, '9786155008672', 1),
(513, '9786155522512', 0),
(514, '9786155522536', 1),
(514, '9789639708952', 1),
(516, '9789633997604', 1),
(519, '9786155522536', 1),
(519, '9789639708952', 1),
(521, '9789639708952', 1),
(524, '9789639637795', 1),
(526, '9786155522482', 0),
(528, '9789633244593', 0),
(530, '9789633411872', 0),
(531, '9786155008672', 1),
(532, '9789633411872', 1),
(533, '9789633244562', 1),
(535, '9789633244548', 1),
(538, '9789634194132', 1),
(539, '9786155522482', 0),
(539, '9789632452760', 0),
(540, '9789632452760', 1),
(540, '9789633244562', 1),
(543, '9789634190516', 1),
(546, '9789633244593', 1),
(547, '9786155008672', 1),
(548, '9789633244548', 1),
(552, '9789633997604', 1),
(553, '9786155522482', 0),
(555, '9789634572961', 0),
(561, '9789634194132', 1),
(562, '9786155522895', 1),
(564, '9786155522512', 1),
(564, '9789634190516', 1),
(564, '9789634194132', 1),
(565, '9786155522895', 1),
(566, '9789632451558', 1),
(567, '9789633244593', 1),
(569, '9789633997604', 1),
(570, '9786155522536', 0),
(571, '9789633244593', 1),
(572, '9789632451558', 1),
(573, '9789633244548', 1),
(573, '9789639637795', 1),
(574, '9789633244593', 1),
(577, '9789633242711', 1),
(581, '9786155522895', 1),
(582, '9786155522536', 1),
(582, '9789633244593', 1),
(583, '9789633244616', 1),
(584, '9789633244593', 1),
(589, '9789633244562', 1),
(591, '9789634571117', 1),
(591, '9789639637795', 1),
(598, '9789633244548', 1),
(598, '9789634190516', 0),
(599, '9789633244579', 1),
(603, '9786155522895', 0),
(606, '9789633244586', 1),
(608, '9789633244609', 1),
(608, '9789634190516', 1),
(614, '9789633244579', 1),
(615, '9789633244616', 1),
(616, '9789633244593', 1),
(617, '9789633244579', 1),
(617, '9789634571117', 1),
(619, '9789633244609', 0),
(621, '9789633244586', 1),
(622, '9786155522482', 1),
(624, '9789633997604', 1),
(632, '9789633411872', 1),
(632, '9789639637795', 1),
(634, '9789639637795', 0),
(636, '9786155522512', 1),
(636, '9789633244616', 1),
(637, '9789633997604', 0),
(638, '9789634190516', 1),
(638, '9789639708952', 1),
(641, '9786155522512', 1),
(643, '9789633411872', 1),
(643, '9789634190516', 1),
(646, '9789633997604', 1),
(648, '9789633244609', 1),
(651, '9786155008672', 1),
(652, '9789633244609', 1),
(652, '9789634190516', 1),
(653, '9786155522512', 1),
(653, '9786155522536', 1),
(656, '9789633244586', 1),
(657, '9789633411872', 1),
(662, '9789633244616', 1),
(671, '9789634190516', 1),
(673, '9789633244609', 1),
(674, '9789634572961', 1),
(677, '9789634194132', 0),
(684, '9789633244586', 1),
(686, '9786155008672', 1),
(686, '9789633244616', 1),
(689, '9786155522895', 1),
(690, '9789633244593', 1),
(693, '9789639708952', 1),
(701, '9786155522536', 1),
(706, '9789634190516', 0),
(707, '9789639708952', 1),
(708, '9789632452760', 1),
(708, '9789633244616', 1),
(712, '9789633244609', 0),
(713, '9789633242711', 1),
(717, '9789634571117', 1),
(720, '9789633997604', 1),
(722, '9786155008672', 1),
(726, '9786155522536', 1),
(727, '9789632451558', 1),
(727, '9789633244616', 1),
(731, '9786155522482', 0),
(731, '9789633997604', 1),
(732, '9789632451558', 1),
(732, '9789632451770', 1),
(738, '9786155522536', 1),
(738, '9789639637795', 1),
(739, '9786155522482', 1),
(739, '9789634190516', 1),
(742, '9789639637795', 1),
(745, '9786155522895', 0),
(745, '9789633244548', 1),
(747, '9786155522536', 1),
(747, '9789632451770', 1),
(750, '9789633244579', 0),
(752, '9789633244609', 1),
(753, '9786155522512', 0),
(754, '9786155522895', 0),
(755, '9789633411872', 1),
(756, '9789634190516', 1),
(757, '9786155522512', 1),
(759, '9786155522895', 1),
(759, '9789633242711', 1),
(760, '9786155008672', 0),
(761, '9789633244593', 1),
(761, '9789639708952', 1),
(762, '9786155522895', 1),
(765, '9789633244562', 1),
(769, '9789632451558', 1),
(771, '9789633244593', 0),
(774, '9786155008672', 0),
(775, '9789639637795', 1),
(776, '9789634194132', 1),
(777, '9789632451558', 1),
(778, '9786155008672', 1),
(778, '9789633244616', 1),
(778, '9789634194132', 1),
(782, '9786155522482', 1),
(782, '9789633997604', 1),
(787, '9789633242711', 0),
(787, '9789633997604', 1),
(788, '9789633244593', 1),
(788, '9789639708952', 1),
(789, '9786155522895', 1),
(795, '9786155522536', 1),
(795, '9789634571117', 1),
(795, '9789639637795', 0),
(796, '9789633244548', 0),
(797, '9786155522895', 1),
(798, '9789633244548', 0),
(799, '9789633244609', 1),
(802, '9789633244562', 1),
(803, '9786155522512', 1),
(805, '9789633242711', 1),
(807, '9786155522482', 1),
(812, '9789633244616', 0),
(820, '9789632451770', 0),
(824, '9786155522536', 1),
(827, '9789633242711', 1),
(828, '9786155522482', 1),
(828, '9789633244616', 1),
(830, '9786155522482', 1),
(830, '9789633244586', 0),
(836, '9789633997604', 1),
(839, '9789633244593', 1),
(840, '9789634571117', 1),
(841, '9786155522512', 1),
(841, '9789633997604', 1),
(842, '9789634194132', 1),
(843, '9789633244579', 0),
(844, '9789633244616', 1),
(845, '9786155008672', 1),
(847, '9786155522512', 0),
(849, '9789634194132', 1),
(851, '9786155522536', 1),
(855, '9786155008672', 1),
(856, '9789632451770', 1),
(856, '9789633244609', 1),
(858, '9786155522512', 1),
(858, '9789639708952', 1),
(861, '9786155522512', 1),
(863, '9789633244609', 0),
(865, '9789632451558', 1),
(868, '9789632451558', 1),
(868, '9789633244548', 1),
(870, '9789634194132', 1),
(875, '9786155522482', 0),
(875, '9789633997604', 1),
(878, '9789633244586', 1),
(880, '9789633244593', 1),
(882, '9789639708952', 1),
(887, '9789633244609', 0),
(888, '9789633244586', 1),
(889, '9786155522512', 1),
(890, '9786155522482', 0),
(890, '9789632451770', 1),
(891, '9789632451770', 1),
(893, '9789634190516', 1),
(895, '9789633242711', 1),
(896, '9786155522482', 1),
(899, '9786155522895', 1),
(902, '9786155522512', 0),
(905, '9789632451558', 1),
(905, '9789633997604', 1),
(907, '9786155522536', 1),
(908, '9786155008672', 0),
(910, '9786155522512', 1),
(912, '9789633411872', 1),
(912, '9789633997604', 1),
(912, '9789634572961', 1),
(912, '9789639708952', 1),
(915, '9786155008672', 1),
(915, '9786155522536', 1),
(915, '9789633244616', 1),
(915, '9789639637795', 1),
(918, '9789633244548', 1),
(918, '9789633244593', 1),
(923, '9789634190516', 1),
(926, '9789633244586', 1),
(928, '9789633244579', 1),
(929, '9789633244593', 1),
(930, '9786155522512', 1),
(941, '9789634194132', 0),
(947, '9789633244586', 1),
(947, '9789634190516', 1),
(948, '9786155522895', 1),
(948, '9789634572961', 0),
(949, '9789633997604', 1),
(955, '9789632452760', 1),
(955, '9789633244609', 1),
(956, '9786155522482', 1),
(956, '9789639637795', 1),
(959, '9786155522482', 1),
(963, '9789632452760', 1),
(965, '9789639637795', 0),
(966, '9789634572961', 1),
(967, '9789632451558', 1),
(968, '9789632451770', 1),
(974, '9786155522482', 0),
(974, '9789634190516', 1),
(975, '9789639708952', 1),
(979, '9789632452760', 1),
(980, '9786155522536', 1),
(983, '9789632451558', 0),
(984, '9786155522536', 1),
(987, '9789633244593', 0),
(989, '9789632452760', 0),
(990, '9789633244616', 1),
(994, '9789633997604', 1),
(998, '9789634572961', 1),
(999, '9789634571117', 1),
(1000, '9789633242711', 1);

--
-- Indexek a kiírt táblákhoz
--

--
-- A tábla indexei `arak`
--
ALTER TABLE `arak`
  ADD PRIMARY KEY (`isbn`,`bolt`);

--
-- A tábla indexei `emberek`
--
ALTER TABLE `emberek`
  ADD PRIMARY KEY (`id`);

--
-- A tábla indexei `konyvek`
--
ALTER TABLE `konyvek`
  ADD PRIMARY KEY (`isbn`);

--
-- A tábla indexei `tulajdonok`
--
ALTER TABLE `tulajdonok`
  ADD PRIMARY KEY (`ember_id`,`isbn`),
  ADD KEY `tulajdon_ibfk_2` (`isbn`);

--
-- Megkötések a kiírt táblákhoz
--

--
-- Megkötések a táblához `arak`
--
ALTER TABLE `arak`
  ADD CONSTRAINT `ar_ibfk_1emberember` FOREIGN KEY (`isbn`) REFERENCES `konyvek` (`isbn`) ON DELETE CASCADE ON UPDATE CASCADE;

--
-- Megkötések a táblához `tulajdonok`
--
ALTER TABLE `tulajdonok`
  ADD CONSTRAINT `tulajdonok_ibfk_1` FOREIGN KEY (`ember_id`) REFERENCES `emberek` (`id`) ON DELETE CASCADE ON UPDATE CASCADE,
  ADD CONSTRAINT `tulajdonok_ibfk_2` FOREIGN KEY (`isbn`) REFERENCES `konyvek` (`isbn`) ON DELETE CASCADE ON UPDATE CASCADE;